리뷰ID,상품명,평점,작성일,리뷰내용,구매옵션,작성자유형
R001,퓨어 비타민C 세럼,5,2025-12-28,발림성이 정말 좋고 흡수가 빨라요. 2주 사용했는데 피부톤이 확실히 밝아졌어요!,30ml,재구매
R002,퓨어 비타민C 세럼,5,2025-12-27,순수 비타민C라 걱정했는데 자극 없이 순해요. 민감성인데도 잘 맞아요,30ml,첫구매
R003,퓨어 비타민C 세럼,4,2025-12-27,효과는 좋은데 가격이 좀 부담돼요. 할인할 때 사야겠어요,30ml,첫구매
R004,퓨어 비타민C 세럼,5,2025-12-26,기미가 옅어지고 있어요! 3주째 사용중인데 확실히 달라요,30ml,재구매
R005,퓨어 비타민C 세럼,3,2025-12-26,포장이 좀 아쉬워요. 스포이드가 잘 안 올라와요,30ml,첫구매
R006,퓨어 비타민C 세럼,5,2025-12-25,피부과에서 추천받아 샀는데 역시 좋아요. 피부결이 좋아졌어요,30ml,첫구매
R007,퓨어 비타민C 세럼,4,2025-12-25,톤업 효과 확실해요. 화장이 잘 먹어요,30ml,재구매
R008,퓨어 비타민C 세럼,2,2025-12-24,피부가 따끔거려요. 저한텐 농도가 높은 것 같아요,30ml,첫구매
R009,퓨어 비타민C 세럼,5,2025-12-24,산화 안 되고 오래 가는 게 최고 장점이에요. 다른 거 쓰다 돌아왔어요,30ml,재구매
R010,퓨어 비타민C 세럼,4,2025-12-23,배송 빠르고 제품도 좋아요. 미백 효과 기대중이에요,30ml,첫구매
R011,퓨어 비타민C 세럼,5,2025-12-23,잡티가 줄었어요. 꾸준히 쓸 거예요,30ml,재구매
R012,퓨어 비타민C 세럼,1,2025-12-22,용량이 너무 적어요. 30ml가 2주만에 끝났어요,30ml,첫구매
R013,퓨어 비타민C 세럼,5,2025-12-22,텍스처가 가볍고 끈적임 없어요. 여름에도 좋을 듯,30ml,재구매
R014,퓨어 비타민C 세럼,4,2025-12-21,비건 인증이라 마음 놓고 써요. 성분이 깨끗해요,30ml,첫구매
R015,퓨어 비타민C 세럼,5,2025-12-21,남자친구도 같이 쓰는데 둘 다 피부 좋아졌어요,30ml,재구매
R016,퓨어 비타민C 세럼,3,2025-12-20,효과는 있는데 냄새가 좀 나요. 철 냄새 같은,30ml,첫구매
R017,퓨어 비타민C 세럼,5,2025-12-20,3통째 쓰고 있어요. 확실히 얼굴이 맑아졌어요,30ml,재구매
R018,퓨어 비타민C 세럼,4,2025-12-19,선물로 샀는데 엄마가 좋아하세요. 재구매 예정이에요,30ml,첫구매
R019,퓨어 비타민C 세럼,2,2025-12-19,뚜껑이 잘 안 열려요. 패키지 디자인 개선이 필요해요,30ml,첫구매
R020,퓨어 비타민C 세럼,5,2025-12-18,피부과 시술 후에 쓰기 좋아요. 자극 없고 진정돼요,30ml,재구매
R021,퓨어 비타민C 세럼,5,2025-12-18,광채가 살아나요. 톤업크림 안 발라도 환해요,30ml,재구매
R022,퓨어 비타민C 세럼,4,2025-12-17,오스틴꺼 쓰다가 갈아탔는데 이게 더 순하고 좋아요,30ml,첫구매
R023,퓨어 비타민C 세럼,5,2025-12-17,화해 순위 보고 샀는데 역시 1등 할 만해요,30ml,첫구매
R024,퓨어 비타민C 세럼,3,2025-12-16,배송 중 상자가 찌그러져 왔어요. 제품은 괜찮았지만,30ml,첫구매
R025,퓨어 비타민C 세럼,5,2025-12-16,흡수력 최고! 바르자마자 쏙쏙 들어가요,30ml,재구매
R026,퓨어 비타민C 세럼,4,2025-12-15,여드름 자국이 옅어지고 있어요. 1달 사용 후기,30ml,재구매
R027,퓨어 비타민C 세럼,5,2025-12-15,아침에 바르면 화장 지속력이 좋아져요,30ml,재구매
R028,퓨어 비타민C 세럼,2,2025-12-14,가격 대비 용량이 아쉬워요. 50ml 출시해주세요,30ml,재구매
R029,퓨어 비타민C 세럼,5,2025-12-14,임상 결과 믿고 샀는데 실제로 효과 있어요,30ml,첫구매
R030,퓨어 비타민C 세럼,4,2025-12-13,겨울에는 이것만 바르면 좀 건조해요. 크림이랑 같이 쓰세요,30ml,재구매
R031,퓨어 비타민C 세럼,5,2025-12-13,모공이 줄어든 느낌이에요. 피부결이 매끈해졌어요,30ml,재구매
R032,퓨어 비타민C 세럼,5,2025-12-12,엄마 선물로 드렸더니 또 사달라고 하세요,30ml,재구매
R033,퓨어 비타민C 세럼,3,2025-12-12,효과는 좋은데 유통기한이 짧아요,30ml,첫구매
R034,퓨어 비타민C 세럼,5,2025-12-11,노란빛이 도는 게 진짜 비타민C 느낌이에요. 효과도 확실,30ml,첫구매
R035,퓨어 비타민C 세럼,4,2025-12-11,수분감이 좋아요. 세럼인데 촉촉해요,30ml,재구매
R036,퓨어 비타민C 세럼,5,2025-12-10,주름도 좀 펴지는 것 같아요. 팔자 부분이 나아졌어요,30ml,재구매
R037,퓨어 비타민C 세럼,1,2025-12-10,트러블이 났어요. 제 피부엔 안 맞나봐요,30ml,첫구매
R038,퓨어 비타민C 세럼,5,2025-12-09,스포이드 한 번에 적당량 나와서 편해요,30ml,재구매
R039,퓨어 비타민C 세럼,4,2025-12-09,점점 피부가 좋아지는 게 느껴져요. 꾸준히 사용 중,30ml,재구매
R040,퓨어 비타민C 세럼,5,2025-12-08,피부 장벽 강화에도 좋은 것 같아요,30ml,재구매
R041,퓨어 비타민C 세럼,3,2025-12-08,향이 좀 강해요. 무향 버전 출시해주세요,30ml,첫구매
R042,퓨어 비타민C 세럼,5,2025-12-07,칙칙했던 피부가 맑아졌어요. 주변에서 뭐 바르냐고 물어봐요,30ml,재구매
R043,퓨어 비타민C 세럼,4,2025-12-07,성분이 깨끗해서 좋아요. 피부에 좋은 것만 들어있어요,30ml,첫구매
R044,퓨어 비타민C 세럼,5,2025-12-06,다크서클이 좀 나아진 것 같아요,30ml,재구매
R045,퓨어 비타민C 세럼,2,2025-12-06,한 달 썼는데 별 차이 못 느꼈어요,30ml,첫구매
R046,퓨어 비타민C 세럼,5,2025-12-05,쿠팡 로켓배송이라 바로 받을 수 있어서 좋아요,30ml,재구매
R047,퓨어 비타민C 세럼,4,2025-12-05,닥터지꺼보다 확실히 좋아요. 흡수력이 달라요,30ml,첫구매
R048,퓨어 비타민C 세럼,5,2025-12-04,민감성인데 트러블 없이 잘 쓰고 있어요,30ml,재구매
R049,퓨어 비타민C 세럼,5,2025-12-04,안티에이징 효과까지 있어서 만족해요,30ml,재구매
R050,퓨어 비타민C 세럼,3,2025-12-03,좋은데 좀 비싸요. 세일 자주 해주세요,30ml,첫구매
R051,울트라 수분 크림,5,2025-12-28,건조한 겨울에 필수예요. 하루종일 촉촉해요,50ml,재구매
R052,울트라 수분 크림,5,2025-12-27,발림성이 부드럽고 흡수가 빨라요. 끈적임 제로,50ml,첫구매
R053,울트라 수분 크림,4,2025-12-27,보습력은 좋은데 여름에는 좀 무거울 것 같아요,50ml,첫구매
R054,울트라 수분 크림,5,2025-12-26,피부가 탱탱해지는 느낌이에요. 수분감 최고,50ml,재구매
R055,울트라 수분 크림,3,2025-12-26,용기 디자인이 예쁜데 뚜껑이 잘 안 닫혀요,50ml,첫구매
R056,울트라 수분 크림,5,2025-12-25,비타민C 세럼이랑 같이 쓰면 시너지가 대단해요,50ml,재구매
R057,울트라 수분 크림,4,2025-12-25,향이 은은하고 좋아요. 화학적인 느낌이 없어요,50ml,첫구매
R058,울트라 수분 크림,2,2025-12-24,양이 적어요. 50ml가 3주만에 끝났어요,50ml,첫구매
R059,울트라 수분 크림,5,2025-12-24,세럼 바르고 이거 바르면 피부가 물광이에요,50ml,재구매
R060,울트라 수분 크림,5,2025-12-23,메이크업 베이스로도 좋아요. 피부 정돈이 잘 돼요,50ml,재구매
R061,울트라 수분 크림,4,2025-12-23,건성 피부인데 겨울에도 충분한 보습력이에요,50ml,재구매
R062,울트라 수분 크림,5,2025-12-22,자극 없이 순해서 온 가족이 쓰고 있어요,50ml,재구매
R063,울트라 수분 크림,3,2025-12-22,좋은데 가격이 좀 있어요. 할인 좀 더 해주세요,50ml,첫구매
R064,울트라 수분 크림,5,2025-12-21,각질이 일어나던 볼 부분이 매끈해졌어요,50ml,재구매
R065,울트라 수분 크림,4,2025-12-21,리뷰 보고 샀는데 기대 이상이에요,50ml,첫구매
R066,울트라 수분 크림,5,2025-12-20,취침 전에 바르면 아침에 피부가 달라요,50ml,재구매
R067,울트라 수분 크림,2,2025-12-20,지성 피부에는 좀 무거워요. 피부타입 잘 보고 사세요,50ml,첫구매
R068,울트라 수분 크림,5,2025-12-19,화장 들뜸이 없어졌어요. 보습이 오래 가요,50ml,재구매
R069,울트라 수분 크림,4,2025-12-19,비건 인증이라 환경도 생각하는 브랜드네요,50ml,첫구매
R070,울트라 수분 크림,5,2025-12-18,수분크림 이것저것 써봤는데 여기가 최고예요,50ml,재구매
R071,울트라 수분 크림,5,2025-12-18,패키지가 고급스러워서 선물용으로도 좋아요,50ml,재구매
R072,울트라 수분 크림,3,2025-12-17,배송 중 상자가 좀 눌려왔어요. 제품은 괜찮았지만,50ml,첫구매
R073,울트라 수분 크림,5,2025-12-17,밤에 팩 대용으로 두껍게 바르면 다음 날 피부 장난 아니에요,50ml,재구매
R074,울트라 수분 크림,4,2025-12-16,무향이면 더 좋겠어요. 그래도 현재 향도 나쁘진 않아요,50ml,재구매
R075,울트라 수분 크림,5,2025-12-16,겨울 필수템으로 등극했어요!,50ml,재구매
R076,제주 녹차 마스크팩,5,2025-12-28,마스크팩 중에 제일 촉촉해요. 시트도 두껍고 좋아요,10매,재구매
R077,제주 녹차 마스크팩,5,2025-12-27,녹차 향이 은은하고 진정 효과가 좋아요,10매,첫구매
R078,제주 녹차 마스크팩,4,2025-12-27,시트가 얼굴에 잘 밀착돼요. 에센스도 넉넉해요,10매,재구매
R079,제주 녹차 마스크팩,5,2025-12-26,피부 트러블 났을 때 쓰면 진정이 빨라요,10매,재구매
R080,제주 녹차 마스크팩,3,2025-12-26,개별 포장인데 뜯기가 좀 어려워요,10매,첫구매
R081,제주 녹차 마스크팩,5,2025-12-25,일주일에 3번씩 쓰고 있어요. 피부가 맑아졌어요,10매,재구매
R082,제주 녹차 마스크팩,4,2025-12-25,수분 충전에 최고예요. 에어컨 밑에서 일하는데 필수,10매,재구매
R083,제주 녹차 마스크팩,5,2025-12-24,합리적인 가격에 좋은 품질이에요,10매,첫구매
R084,제주 녹차 마스크팩,2,2025-12-24,에센스가 너무 흘러내려요. 양 조절이 필요해요,10매,첫구매
R085,제주 녹차 마스크팩,5,2025-12-23,매일 쓰기 부담 없는 가격이라 좋아요,10매,재구매
R086,제주 녹차 마스크팩,4,2025-12-23,제주도 녹차 성분이라 더 믿음이 가요,10매,첫구매
R087,제주 녹차 마스크팩,5,2025-12-22,모공 관리에도 도움이 되는 것 같아요,10매,재구매
R088,제주 녹차 마스크팩,5,2025-12-22,다른 마스크팩 안 쓰게 돼요. 이것만 쓰게 돼요,10매,재구매
R089,제주 녹차 마스크팩,3,2025-12-21,시트 사이즈가 좀 작아요. 이마가 안 덮여요,10매,첫구매
R090,제주 녹차 마스크팩,5,2025-12-21,남자친구도 좋아해요. 같이 쓰고 있어요,10매,재구매
R091,제주 녹차 마스크팩,4,2025-12-20,피부 자극 없이 순하고 좋아요,10매,재구매
R092,제주 녹차 마스크팩,5,2025-12-20,회사에서 야근할 때 쓰면 피로가 풀려요,10매,재구매
R093,제주 녹차 마스크팩,2,2025-12-19,접착력이 좀 약해요. 움직이면 떨어져요,10매,첫구매
R094,제주 녹차 마스크팩,5,2025-12-19,선물세트로 구매했는데 모두 만족해요,10매,재구매
R095,제주 녹차 마스크팩,4,2025-12-18,포장이 깔끔하고 성분이 좋아서 안심이에요,10매,첫구매
R096,제주 녹차 마스크팩,5,2025-12-18,저녁 루틴에 빠질 수 없는 아이템이에요,10매,재구매
R097,제주 녹차 마스크팩,5,2025-12-17,피부 톤이 고르게 정리되는 느낌이에요,10매,재구매
R098,제주 녹차 마스크팩,3,2025-12-17,여름에는 냉장 보관해야 하는데 안내가 없어요,10매,첫구매
R099,제주 녹차 마스크팩,5,2025-12-16,항산화 효과가 있는지 피부가 건강해진 느낌,10매,재구매
R100,제주 녹차 마스크팩,4,2025-12-16,다른 브랜드 쓰다가 왔는데 확실히 다르네요,10매,첫구매
R101,퓨어 비타민C 세럼,5,2025-12-03,엄마랑 같이 쓰고 있어요. 둘 다 피부 좋아졌어요,30ml,재구매
R102,퓨어 비타민C 세럼,4,2025-12-02,미백 기능성 화장품 인증이라 더 믿음이 가요,30ml,첫구매
R103,퓨어 비타민C 세럼,5,2025-12-02,여드름 흔적이 점점 옅어지고 있어요,30ml,재구매
R104,퓨어 비타민C 세럼,5,2025-12-01,피부 탄력까지 좋아진 느낌. 세럼 하나로 멀티 효과,30ml,재구매
R105,퓨어 비타민C 세럼,3,2025-12-01,좋은데 냉장보관 해야 한다는 게 불편해요,30ml,첫구매
R106,퓨어 비타민C 세럼,5,2025-11-30,유튜버 추천으로 샀는데 진짜 좋네요,30ml,첫구매
R107,퓨어 비타민C 세럼,4,2025-11-30,아침에 바르면 화장이 잘 받아요. 톤업 효과 확실,30ml,재구매
R108,퓨어 비타민C 세럼,5,2025-11-29,6개월째 사용중. 기미가 많이 옅어졌어요,30ml,재구매
R109,퓨어 비타민C 세럼,2,2025-11-29,개봉 후 색이 변했어요. 산화된 건지 원래 그런 건지,30ml,첫구매
R110,퓨어 비타민C 세럼,5,2025-11-28,피부과 선생님도 추천하셨어요,30ml,재구매
R111,퓨어 비타민C 세럼,4,2025-11-28,클레어스보다 효과가 빨리 나타나요,30ml,첫구매
R112,퓨어 비타민C 세럼,5,2025-11-27,결혼 준비 중인데 피부가 확 좋아져서 감사해요,30ml,첫구매
R113,퓨어 비타민C 세럼,5,2025-11-27,우리 엄마 피부 나이가 10살 젊어졌대요,30ml,재구매
R114,퓨어 비타민C 세럼,3,2025-11-26,스포이드 끝이 잘 막혀요. 개선 부탁드려요,30ml,재구매
R115,퓨어 비타민C 세럼,5,2025-11-26,저녁 루틴에 필수예요. 다음 날 피부가 달라요,30ml,재구매
R116,퓨어 비타민C 세럼,4,2025-11-25,선물했더니 다들 좋아해요. 재구매율이 높은 이유가 있네요,30ml,재구매
R117,퓨어 비타민C 세럼,5,2025-11-25,피부 고민이 줄었어요. 만능 세럼이에요,30ml,재구매
R118,퓨어 비타민C 세럼,2,2025-11-24,사용 후 피부가 벗겨졌어요. 각질이 심하게,30ml,첫구매
R119,퓨어 비타민C 세럼,5,2025-11-24,탄력, 미백, 보습 다 되는 세럼이에요,30ml,재구매
R120,퓨어 비타민C 세럼,4,2025-11-23,비타민C 세럼 중에 산화가 제일 느려요,30ml,재구매
R121,퓨어 비타민C 세럼,5,2025-11-23,잡티 때문에 스트레스였는데 많이 나아졌어요,30ml,재구매
R122,퓨어 비타민C 세럼,5,2025-11-22,자극 없이 순하고 효과도 좋은 세럼,30ml,재구매
R123,퓨어 비타민C 세럼,3,2025-11-22,좀 더 저렴하면 좋겠어요. 효과는 인정합니다,30ml,첫구매
R124,퓨어 비타민C 세럼,5,2025-11-21,사계절 내내 쓸 수 있는 세럼이에요,30ml,재구매
R125,퓨어 비타민C 세럼,4,2025-11-21,피부 장벽이 튼튼해진 느낌이에요,30ml,재구매
R126,울트라 수분 크림,5,2025-12-15,겨울 건조함을 확실히 잡아줘요,50ml,재구매
R127,울트라 수분 크림,4,2025-12-14,사무실 에어컨 바람에도 피부가 안 땅겨요,50ml,재구매
R128,울트라 수분 크림,5,2025-12-14,촉촉함이 진짜 오래 가요. 저녁까지 유지,50ml,재구매
R129,울트라 수분 크림,3,2025-12-13,튜브형이면 더 편할 것 같아요. 위생적으로,50ml,첫구매
R130,울트라 수분 크림,5,2025-12-13,건조함 때문에 긁던 습관이 없어졌어요,50ml,재구매
R131,울트라 수분 크림,4,2025-12-12,수분크림이지만 영양감도 있어서 좋아요,50ml,재구매
R132,울트라 수분 크림,5,2025-12-12,피부가 탱탱하고 윤기가 나요,50ml,재구매
R133,울트라 수분 크림,2,2025-12-11,여드름성 피부에는 좀 무거운 것 같아요,50ml,첫구매
R134,울트라 수분 크림,5,2025-12-11,세럼이랑 조합이 너무 좋아요. 세트로 사세요,50ml,재구매
R135,울트라 수분 크림,4,2025-12-10,아이 피부에도 쓸 수 있어서 좋아요,50ml,재구매
R136,울트라 수분 크림,5,2025-12-10,발림성이 크림인데도 가벼워요,50ml,재구매
R137,울트라 수분 크림,5,2025-12-09,수분 부족 피부에 구원자예요,50ml,재구매
R138,울트라 수분 크림,3,2025-12-09,리필 용기가 있으면 좋겠어요. 환경도 생각해주세요,50ml,재구매
R139,울트라 수분 크림,5,2025-12-08,밤에 팩처럼 두껍게 바르면 아침에 꿀피부,50ml,재구매
R140,울트라 수분 크림,4,2025-12-08,히알루론산 성분이 많아서 그런지 촉촉함이 달라요,50ml,첫구매
R141,울트라 수분 크림,5,2025-12-07,2통째 사용 중. 안 쓰면 불안해요,50ml,재구매
R142,울트라 수분 크림,5,2025-12-07,모공도 좀 줄어든 것 같아요,50ml,재구매
R143,울트라 수분 크림,2,2025-12-06,냉장 보관 안내가 없어서 상온에 뒀더니 질감이 변했어요,50ml,첫구매
R144,울트라 수분 크림,5,2025-12-06,환절기 피부 트러블에도 자극 없이 써요,50ml,재구매
R145,울트라 수분 크림,4,2025-12-05,남자도 쓰기 좋은 수분크림이에요,50ml,첫구매
R146,울트라 수분 크림,5,2025-12-05,수분 측정기로 재봤는데 확실히 수분량 올라갔어요,50ml,재구매
R147,울트라 수분 크림,5,2025-12-04,갈라짐이 심했던 피부가 정상으로 돌아왔어요,50ml,재구매
R148,울트라 수분 크림,3,2025-12-04,용량 대비 가격이 좀 있어요,50ml,첫구매
R149,울트라 수분 크림,5,2025-12-03,이거 바르고 자면 다음 날 세수할 때 피부가 물광,50ml,재구매
R150,울트라 수분 크림,4,2025-12-03,확실히 피부가 편안해지는 크림이에요,50ml,재구매
R151,제주 녹차 마스크팩,5,2025-12-15,주 3회 사용하고 있어요. 피부 컨디션 유지에 최고,10매,재구매
R152,제주 녹차 마스크팩,4,2025-12-14,에센스가 많아서 목과 손에도 발라요,10매,재구매
R153,제주 녹차 마스크팩,5,2025-12-14,마스크팩 후 수분감이 오래 지속돼요,10매,재구매
R154,제주 녹차 마스크팩,3,2025-12-13,시트 재질이 좀 더 부드러우면 좋겠어요,10매,첫구매
R155,제주 녹차 마스크팩,5,2025-12-13,항산화 성분 덕분인지 피부가 건강해진 느낌,10매,재구매
R156,제주 녹차 마스크팩,4,2025-12-12,녹차 성분이 진정 효과가 좋아요,10매,재구매
R157,제주 녹차 마스크팩,5,2025-12-12,회사 동료들한테도 추천했어요,10매,재구매
R158,제주 녹차 마스크팩,2,2025-12-11,시트가 접혀서 왔어요. 포장 좀 신경 써주세요,10매,첫구매
R159,제주 녹차 마스크팩,5,2025-12-11,데이트 전 필수 아이템이에요,10매,재구매
R160,제주 녹차 마스크팩,4,2025-12-10,건성 피부인데 촉촉해져서 좋아요,10매,재구매
R161,제주 녹차 마스크팩,5,2025-12-10,냉장고에 넣었다가 쓰면 더 시원하고 좋아요,10매,재구매
R162,제주 녹차 마스크팩,5,2025-12-09,매일 쓰는데도 피부 자극이 없어요,10매,재구매
R163,제주 녹차 마스크팩,3,2025-12-09,30매 대용량 출시해주세요!,10매,재구매
R164,제주 녹차 마스크팩,5,2025-12-08,피부 고민 줄어들었어요. 마스크팩 효과 인정,10매,재구매
R165,제주 녹차 마스크팩,4,2025-12-08,향이 좋고 시트가 두꺼워서 에센스가 잘 전달돼요,10매,첫구매
R166,제주 녹차 마스크팩,5,2025-12-07,20분 붙이고 있으면 피부가 완전 달라져요,10매,재구매
R167,제주 녹차 마스크팩,5,2025-12-07,수분 부스팅에 최고예요. 세럼이랑 같이 쓰면 금상첨화,10매,재구매
R168,제주 녹차 마스크팩,2,2025-12-06,시트 사이즈 개선이 필요해요. 코 밑 부분이 안 맞아요,10매,첫구매
R169,제주 녹차 마스크팩,5,2025-12-06,피부 진정에 녹차만한 게 없어요,10매,재구매
R170,제주 녹차 마스크팩,4,2025-12-05,여행 갈 때 꼭 챙기는 아이템이에요,10매,재구매
R171,제주 녹차 마스크팩,5,2025-12-05,피부 면역력이 좋아진 것 같아요,10매,재구매
R172,제주 녹차 마스크팩,5,2025-12-04,야근 후에 쓰면 피로 회복이 돼요,10매,재구매
R173,제주 녹차 마스크팩,3,2025-12-04,에센스가 좀 끈적여요. 좀 더 산뜻하면,10매,첫구매
R174,제주 녹차 마스크팩,5,2025-12-03,엄마도 이 마스크팩만 쓰세요,10매,재구매
R175,제주 녹차 마스크팩,4,2025-12-03,향도 좋고 효과도 좋아요,10매,재구매
R176,선크림 SPF50+,5,2025-12-28,백탁 없이 발림성이 좋아요. 데일리로 쓰기 최고,50ml,재구매
R177,선크림 SPF50+,5,2025-12-27,촉촉한 타입이라 겨울에도 좋아요,50ml,첫구매
R178,선크림 SPF50+,4,2025-12-27,무기자차인데 백탁이 거의 없어요,50ml,재구매
R179,선크림 SPF50+,5,2025-12-26,화장 밑에 바르면 밀림 없이 잘 먹어요,50ml,재구매
R180,선크림 SPF50+,3,2025-12-26,SPF50인데 좀 묵직한 느낌이에요,50ml,첫구매
R181,선크림 SPF50+,5,2025-12-25,톤업 효과도 있어서 일석이조예요,50ml,재구매
R182,선크림 SPF50+,4,2025-12-25,남자도 쓰기 좋아요. 자연스러워요,50ml,첫구매
R183,선크림 SPF50+,2,2025-12-24,땀을 많이 흘리면 좀 밀려요,50ml,첫구매
R184,선크림 SPF50+,5,2025-12-24,자외선 차단이 확실해요. 야외활동 후에도 안 탔어요,50ml,재구매
R185,선크림 SPF50+,5,2025-12-23,민감성 피부인데 자극 없어요. 순한 선크림,50ml,재구매
R186,선크림 SPF50+,4,2025-12-23,50ml 양이 적당하고 휴대하기 좋아요,50ml,재구매
R187,선크림 SPF50+,5,2025-12-22,보습감이 있어서 선크림인데도 촉촉해요,50ml,재구매
R188,선크림 SPF50+,3,2025-12-22,리필이 있으면 좋겠어요,50ml,재구매
R189,선크림 SPF50+,5,2025-12-21,피부과에서 추천받은 선크림이에요,50ml,첫구매
R190,선크림 SPF50+,4,2025-12-21,확실히 자외선 차단이 잘 돼요. 기미가 안 생겨요,50ml,재구매
R191,선크림 SPF50+,5,2025-12-20,비건이라 더 좋아요. 산호초도 보호해요,50ml,첫구매
R192,선크림 SPF50+,5,2025-12-20,올해 써본 선크림 중 최고예요,50ml,재구매
R193,선크림 SPF50+,2,2025-12-19,클렌징이 좀 어려워요. 잘 안 지워져요,50ml,첫구매
R194,선크림 SPF50+,5,2025-12-19,톤보정 효과가 자연스러워요,50ml,재구매
R195,선크림 SPF50+,4,2025-12-18,자외선 차단 + 보습 + 톤업 세 가지 효과,50ml,재구매
R196,선크림 SPF50+,5,2025-12-18,무향이라 더 좋아요,50ml,재구매
R197,선크림 SPF50+,5,2025-12-17,재구매 5번째. 이제 다른 거 못 써요,50ml,재구매
R198,선크림 SPF50+,3,2025-12-17,여름에 좀 무거울 수 있어요,50ml,첫구매
R199,선크림 SPF50+,5,2025-12-16,피부 장벽 보호까지 해주는 선크림이에요,50ml,재구매
R200,선크림 SPF50+,4,2025-12-16,향 없고 자극 없고 차단 잘 되고 완벽해요,50ml,재구매
R201,퓨어 비타민C 세럼,5,2025-11-20,쓸수록 효과가 쌓여요. 꾸준히 사용하세요,30ml,재구매
R202,퓨어 비타민C 세럼,4,2025-11-19,파운데이션 바르기 전에 쓰면 피부가 매끈해요,30ml,재구매
R203,퓨어 비타민C 세럼,5,2025-11-18,얼굴 전체가 환해졌다는 소리를 들었어요,30ml,재구매
R204,퓨어 비타민C 세럼,3,2025-11-17,좀 더 큰 용량이 있으면 좋겠어요,30ml,재구매
R205,퓨어 비타민C 세럼,5,2025-11-16,갈색 병이라 산화 방지가 잘 되는 것 같아요,30ml,첫구매
R206,퓨어 비타민C 세럼,4,2025-11-15,꾸준히 쓰니까 색소 침착이 옅어졌어요,30ml,재구매
R207,퓨어 비타민C 세럼,5,2025-11-14,피부 투명도가 높아졌어요,30ml,재구매
R208,퓨어 비타민C 세럼,5,2025-11-13,세럼 중에 제일 좋아요. 다 써봤는데 여기가 최고,30ml,재구매
R209,퓨어 비타민C 세럼,2,2025-11-12,배송 중 파손돼서 왔어요. 교환 받았지만 아쉬워요,30ml,첫구매
R210,퓨어 비타민C 세럼,5,2025-11-11,11월 할인으로 3개 샀어요. 스톡해둘 가치 있는 제품,30ml,재구매
R211,퓨어 비타민C 세럼,4,2025-11-10,친구 추천으로 샀는데 정말 좋아요,30ml,첫구매
R212,퓨어 비타민C 세럼,5,2025-11-09,피부과 레이저 후에 써도 자극 없어요,30ml,재구매
R213,퓨어 비타민C 세럼,5,2025-11-08,50대 엄마도 피부가 좋아지셨어요,30ml,재구매
R214,퓨어 비타민C 세럼,3,2025-11-07,효과는 있는데 냉장보관이 귀찮아요,30ml,재구매
R215,퓨어 비타민C 세럼,5,2025-11-06,홈케어의 끝판왕이에요,30ml,재구매
R216,퓨어 비타민C 세럼,4,2025-11-05,순수 비타민C 15%면 농도도 딱 좋아요,30ml,첫구매
R217,퓨어 비타민C 세럼,5,2025-11-04,기미 때문에 고민이었는데 진짜 효과 봤어요,30ml,재구매
R218,퓨어 비타민C 세럼,5,2025-11-03,피부 전문가 친구가 성분 보고 추천해준 제품,30ml,첫구매
R219,퓨어 비타민C 세럼,2,2025-11-02,처음에 따끔거렸어요. 적응 기간이 필요한 듯,30ml,첫구매
R220,퓨어 비타민C 세럼,5,2025-11-01,1년째 사용 중. 피부가 완전히 달라졌어요,30ml,재구매
R221,울트라 수분 크림,5,2025-12-02,올겨울도 이거 하나면 충분해요,50ml,재구매
R222,울트라 수분 크림,4,2025-12-01,처음엔 비싸다고 생각했는데 효과 보니 남는 장사,50ml,재구매
R223,울트라 수분 크림,5,2025-11-30,보습 지속력이 12시간 이상이에요,50ml,재구매
R224,울트라 수분 크림,3,2025-11-29,향이 좀 더 은은하면 좋겠어요,50ml,첫구매
R225,울트라 수분 크림,5,2025-11-28,아토피 피부인데도 잘 맞아요,50ml,재구매
R226,울트라 수분 크림,4,2025-11-27,겨울 필수템. 올해도 어김없이 재구매,50ml,재구매
R227,울트라 수분 크림,5,2025-11-26,크림인데 무겁지 않아서 좋아요,50ml,재구매
R228,울트라 수분 크림,5,2025-11-25,피부가 건강해지는 느낌. 윤기가 나요,50ml,재구매
R229,울트라 수분 크림,2,2025-11-24,여름에는 너무 끈적여서 못 쓰겠어요,50ml,첫구매
R230,울트라 수분 크림,5,2025-11-23,한 번 쓰면 못 끊어요. 중독성 있는 크림,50ml,재구매
R231,울트라 수분 크림,4,2025-11-22,수분크림 찾는 분들한테 강추해요,50ml,첫구매
R232,울트라 수분 크림,5,2025-11-21,피부 수분 측정 올라간 거 확인했어요,50ml,재구매
R233,울트라 수분 크림,5,2025-11-20,피부 장벽 회복에도 좋은 것 같아요,50ml,재구매
R234,울트라 수분 크림,3,2025-11-19,100ml 대용량 있으면 좋겠어요,50ml,재구매
R235,울트라 수분 크림,5,2025-11-18,자극 테스트 완료 제품이라 안심이에요,50ml,첫구매
R236,울트라 수분 크림,4,2025-11-17,남편이랑 같이 쓰고 있어요. 둘 다 만족,50ml,재구매
R237,울트라 수분 크림,5,2025-11-16,이 크림 바르고 나면 피부가 빛나요,50ml,재구매
R238,울트라 수분 크림,5,2025-11-15,올해의 베스트 화장품으로 뽑고 싶어요,50ml,재구매
R239,울트라 수분 크림,2,2025-11-14,펌프형이면 더 편할 것 같아요,50ml,첫구매
R240,울트라 수분 크림,5,2025-11-13,피부가 예민한 날에도 무리 없이 쓸 수 있어요,50ml,재구매
R241,제주 녹차 마스크팩,5,2025-12-02,마스크팩계의 갓벽 아이템이에요,10매,재구매
R242,제주 녹차 마스크팩,4,2025-12-01,시트가 잘 밀착되고 에센스도 충분해요,10매,재구매
R243,제주 녹차 마스크팩,5,2025-11-30,피부가 건조할 때 쓰면 바로 촉촉해져요,10매,재구매
R244,제주 녹차 마스크팩,3,2025-11-29,개별 포장 뜯기가 좀 불편해요,10매,첫구매
R245,제주 녹차 마스크팩,5,2025-11-28,진정 + 수분 + 톤업 삼박자예요,10매,재구매
R246,제주 녹차 마스크팩,4,2025-11-27,녹차 추출물이 진짜 들어있는 게 느껴져요,10매,첫구매
R247,제주 녹차 마스크팩,5,2025-11-26,한 달에 3박스씩 쓰고 있어요,10매,재구매
R248,제주 녹차 마스크팩,5,2025-11-25,피부 컨디션 관리에 이것만한 게 없어요,10매,재구매
R249,제주 녹차 마스크팩,2,2025-11-24,에센스가 너무 많아서 옷에 묻어요,10매,첫구매
R250,제주 녹차 마스크팩,5,2025-11-23,매일 밤 루틴에 포함시켰어요,10매,재구매
R251,제주 녹차 마스크팩,4,2025-11-22,가격 대비 만족도가 높은 마스크팩,10매,재구매
R252,제주 녹차 마스크팩,5,2025-11-21,피부 트러블이 생겼을 때 진정용으로 최고,10매,재구매
R253,제주 녹차 마스크팩,5,2025-11-20,선물로도 좋아요. 다들 좋아해요,10매,재구매
R254,제주 녹차 마스크팩,3,2025-11-19,시트 크기가 좀 작은 편이에요,10매,첫구매
R255,제주 녹차 마스크팩,5,2025-11-18,피부 면역력이 강해진 느낌이에요,10매,재구매
R256,제주 녹차 마스크팩,4,2025-11-17,녹차 향이 힐링돼요. 마음도 편안해져요,10매,재구매
R257,제주 녹차 마스크팩,5,2025-11-16,민감성 피부에도 안전해요,10매,재구매
R258,제주 녹차 마스크팩,5,2025-11-15,촉촉함이 다음 날까지 이어져요,10매,재구매
R259,제주 녹차 마스크팩,2,2025-11-14,향이 좀 인위적이에요. 천연 향이면 좋겠어요,10매,첫구매
R260,제주 녹차 마스크팩,5,2025-11-13,이제 이 마스크팩 없이 못 살아요,10매,재구매
R261,선크림 SPF50+,5,2025-12-15,자외선 차단력이 확실해요. 바깥 활동 후에도 안 탔어요,50ml,재구매
R262,선크림 SPF50+,4,2025-12-14,무기자차라 피부에 부담이 없어요,50ml,재구매
R263,선크림 SPF50+,5,2025-12-14,톤업 되면서 자연스러운 피부 표현 가능,50ml,재구매
R264,선크림 SPF50+,3,2025-12-13,좀 더 가벼우면 좋겠어요. 여름에는,50ml,첫구매
R265,선크림 SPF50+,5,2025-12-13,화장 하지 않는 날에도 이것만 바르면 돼요,50ml,재구매
R266,선크림 SPF50+,4,2025-12-12,보습 선크림이라 겨울에도 좋아요,50ml,재구매
R267,선크림 SPF50+,5,2025-12-12,남편이 먼저 써보고 좋다고 알려줬어요,50ml,첫구매
R268,선크림 SPF50+,5,2025-12-11,백탁 현상 제로! 투명하게 발려요,50ml,재구매
R269,선크림 SPF50+,2,2025-12-11,저녁에 클렌징이 잘 안 돼요. 이중 세안 필수,50ml,첫구매
R270,선크림 SPF50+,5,2025-12-10,피부과 의사가 추천한 선크림이에요,50ml,재구매
R271,선크림 SPF50+,4,2025-12-10,자극 없이 순해요. 아이들도 사용 가능,50ml,재구매
R272,선크림 SPF50+,5,2025-12-09,올해 베스트 선크림으로 인정합니다,50ml,재구매
R273,선크림 SPF50+,5,2025-12-09,비건 선크림이라 더 의미 있어요,50ml,첫구매
R274,선크림 SPF50+,3,2025-12-08,용량이 50ml인데 좀 아쉬워요. 여름에는 빨리 써요,50ml,재구매
R275,선크림 SPF50+,5,2025-12-08,수분감 있는 선크림이라 건조함 없어요,50ml,재구매
R276,선크림 SPF50+,4,2025-12-07,메이크업과 궁합이 좋아요,50ml,재구매
R277,선크림 SPF50+,5,2025-12-07,자외선 차단 + 안티에이징 효과까지,50ml,재구매
R278,선크림 SPF50+,5,2025-12-06,밀림 없이 하루종일 유지돼요,50ml,재구매
R279,선크림 SPF50+,2,2025-12-06,약간 끈적이는 느낌이 있어요,50ml,첫구매
R280,선크림 SPF50+,5,2025-12-05,3통째 재구매. 이제 선크림은 이것만 써요,50ml,재구매
R281,선크림 SPF50+,4,2025-12-05,산뜻하게 마무리되는 느낌이 좋아요,50ml,재구매
R282,선크림 SPF50+,5,2025-12-04,피부 보호막 역할을 확실히 해줘요,50ml,재구매
R283,선크림 SPF50+,5,2025-12-04,자연스러운 톤업이라 남녀 모두 쓰기 좋아요,50ml,재구매
R284,선크림 SPF50+,3,2025-12-03,가격이 좀 올랐어요. 이전 가격이 그리워요,50ml,재구매
R285,선크림 SPF50+,5,2025-12-03,해외여행 갈 때도 꼭 챙기는 선크림,50ml,재구매
R286,선크림 SPF50+,4,2025-12-02,향이 없어서 좋아요. 선크림 냄새 싫어하는 분께 추천,50ml,재구매
R287,선크림 SPF50+,5,2025-12-02,올해 사용한 화장품 중 만족도 1위,50ml,재구매
R288,선크림 SPF50+,5,2025-12-01,선크림인데 스킨케어 효과까지 있어요,50ml,재구매
R289,선크림 SPF50+,2,2025-12-01,민감성인데 첫 사용 시 좀 따가웠어요,50ml,첫구매
R290,선크림 SPF50+,5,2025-11-30,데일리 선크림으로 최적이에요,50ml,재구매
R291,선크림 SPF50+,4,2025-11-29,가볍고 촉촉하고 차단도 잘 돼요,50ml,재구매
R292,선크림 SPF50+,5,2025-11-28,피부가 예민한 날에도 문제없이 사용 가능,50ml,재구매
R293,선크림 SPF50+,5,2025-11-27,노화 방지 성분까지 들어있어서 좋아요,50ml,재구매
R294,선크림 SPF50+,3,2025-11-26,펌프형이면 더 편리할 것 같아요,50ml,재구매
R295,선크림 SPF50+,5,2025-11-25,이 선크림 덕에 기미가 안 생겨요,50ml,재구매
R296,선크림 SPF50+,4,2025-11-24,겨울에도 빼놓지 않고 바르고 있어요,50ml,재구매
R297,선크림 SPF50+,5,2025-11-23,뛰어난 자외선 차단력에 감사해요,50ml,재구매
R298,선크림 SPF50+,5,2025-11-22,한 번 써보면 다른 선크림으로 못 돌아가요,50ml,재구매
R299,선크림 SPF50+,2,2025-11-21,눈 주변에 바르면 좀 따가워요,50ml,첫구매
R300,선크림 SPF50+,5,2025-11-20,자외선 차단 + 보습 + 톤업 올인원,50ml,재구매
R301,퓨어 비타민C 세럼,5,2025-10-31,진짜 인생 세럼이에요. 피부가 확 좋아졌어요,30ml,재구매
R302,퓨어 비타민C 세럼,4,2025-10-30,산화 방지 기술이 대단해요. 끝까지 효과 유지,30ml,재구매
R303,퓨어 비타민C 세럼,5,2025-10-29,직구 제품 쓰다가 국산으로 바꿨는데 훨씬 좋아요,30ml,첫구매
R304,퓨어 비타민C 세럼,3,2025-10-28,효과는 좋은데 세일이 너무 적어요,30ml,재구매
R305,퓨어 비타민C 세럼,5,2025-10-27,색소침착 고민이 사라졌어요,30ml,재구매
R306,퓨어 비타민C 세럼,5,2025-10-26,얼굴이 밝아졌다는 소리 자주 들어요,30ml,재구매
R307,퓨어 비타민C 세럼,4,2025-10-25,순수 비타민C인데도 안정적이에요,30ml,첫구매
R308,퓨어 비타민C 세럼,5,2025-10-24,매일 아침저녁 빠지지 않고 써요,30ml,재구매
R309,퓨어 비타민C 세럼,2,2025-10-23,초반에 피부가 적응하는 기간이 있어요,30ml,첫구매
R310,퓨어 비타민C 세럼,5,2025-10-22,기능성 인증 제품이라 더 믿음이 가요,30ml,재구매
R311,퓨어 비타민C 세럼,4,2025-10-21,세럼 텍스처가 가볍고 좋아요,30ml,재구매
R312,퓨어 비타민C 세럼,5,2025-10-20,비타민C 맛집 찾았어요!,30ml,재구매
R313,퓨어 비타민C 세럼,5,2025-10-19,여드름 자국 없애는 데 최고예요,30ml,재구매
R314,퓨어 비타민C 세럼,3,2025-10-18,냉장보관이 조금 불편하긴 해요,30ml,재구매
R315,퓨어 비타민C 세럼,5,2025-10-17,한 병으로 미백과 주름 개선 동시에,30ml,재구매
R316,퓨어 비타민C 세럼,4,2025-10-16,발림성 좋고 빠르게 흡수돼요,30ml,재구매
R317,퓨어 비타민C 세럼,5,2025-10-15,동안 피부의 비결이에요,30ml,재구매
R318,퓨어 비타민C 세럼,5,2025-10-14,주변에 5명 넘게 추천했어요. 다들 감사해하더라고요,30ml,재구매
R319,퓨어 비타민C 세럼,2,2025-10-13,여름에 좀 끈적이는 느낌이 있었어요,30ml,재구매
R320,퓨어 비타민C 세럼,5,2025-10-12,자기 전에 바르면 다음 날 피부가 빛나요,30ml,재구매
R321,울트라 수분 크림,5,2025-11-12,건조한 사무실에서 이거 없으면 못 버텨요,50ml,재구매
R322,울트라 수분 크림,4,2025-11-11,11월 세일 때 3개 샀어요. 든든해요,50ml,재구매
R323,울트라 수분 크림,5,2025-11-10,피부 결이 좋아진 게 확실히 보여요,50ml,재구매
R324,울트라 수분 크림,3,2025-11-09,여름 버전도 출시해주세요. 더 가벼운 거로,50ml,재구매
R325,울트라 수분 크림,5,2025-11-08,촉촉함이 24시간 유지돼요,50ml,재구매
R326,울트라 수분 크림,4,2025-11-07,남성도 쓰기 좋은 수분크림,50ml,첫구매
R327,울트라 수분 크림,5,2025-11-06,파운데이션 밀림이 없어졌어요,50ml,재구매
R328,울트라 수분 크림,5,2025-11-05,보습 + 진정 + 탄력 세 가지 효과,50ml,재구매
R329,울트라 수분 크림,2,2025-11-04,가격이 좀 부담돼요. 50ml에 42000원이면,50ml,첫구매
R330,울트라 수분 크림,5,2025-11-03,올겨울 필수 아이템 등극!,50ml,재구매
R331,울트라 수분 크림,4,2025-11-02,다른 크림 쓰다가 돌아왔어요. 역시 이게 최고,50ml,재구매
R332,울트라 수분 크림,5,2025-11-01,피부가 생기 있어 보인다는 소리 들었어요,50ml,재구매
R333,울트라 수분 크림,5,2025-10-31,건조 주의보에도 끄떡없어요,50ml,재구매
R334,울트라 수분 크림,3,2025-10-30,뚜껑 닫힘이 좀 불안정해요,50ml,재구매
R335,울트라 수분 크림,5,2025-10-29,엄마 피부가 좋아지셔서 아빠 것도 주문했어요,50ml,재구매
R336,울트라 수분 크림,4,2025-10-28,에어컨 바람에 지친 피부에 구세주,50ml,재구매
R337,울트라 수분 크림,5,2025-10-27,수분감이 최고인 크림이에요,50ml,재구매
R338,울트라 수분 크림,5,2025-10-26,이 크림 하나면 겨울 보습 끝,50ml,재구매
R339,울트라 수분 크림,2,2025-10-25,지성 피부엔 안 맞아요. 건성 전용인 듯,50ml,첫구매
R340,울트라 수분 크림,5,2025-10-24,수분크림의 정석이에요,50ml,재구매
R341,제주 녹차 마스크팩,5,2025-11-12,피로 회복에 최고인 마스크팩,10매,재구매
R342,제주 녹차 마스크팩,4,2025-11-11,블랙프라이데이에 대량 구매했어요,10매,재구매
R343,제주 녹차 마스크팩,5,2025-11-10,시트 밀착력이 정말 좋아요,10매,재구매
R344,제주 녹차 마스크팩,3,2025-11-09,유통기한이 좀 짧은 것 같아요,10매,첫구매
R345,제주 녹차 마스크팩,5,2025-11-08,진정 효과가 탁월해요. 트러블 난 날 필수,10매,재구매
R346,제주 녹차 마스크팩,4,2025-11-07,마스크팩 중에 제일 잘 밀착돼요,10매,재구매
R347,제주 녹차 마스크팩,5,2025-11-06,피부 장벽 강화에 도움이 되는 느낌,10매,재구매
R348,제주 녹차 마스크팩,5,2025-11-05,합리적인 가격 + 좋은 품질 = 최고의 마스크팩,10매,재구매
R349,제주 녹차 마스크팩,2,2025-11-04,눈구멍 위치가 좀 안 맞아요,10매,첫구매
R350,제주 녹차 마스크팩,5,2025-11-03,엄마가 이것만 쓰세요. 효도 아이템,10매,재구매
R351,제주 녹차 마스크팩,4,2025-11-02,에센스 양이 넉넉해서 좋아요,10매,재구매
R352,제주 녹차 마스크팩,5,2025-11-01,매일 밤 쓰는데 피부가 완전 달라졌어요,10매,재구매
R353,제주 녹차 마스크팩,5,2025-10-31,친구들한테 선물하기 딱 좋아요,10매,재구매
R354,제주 녹차 마스크팩,3,2025-10-30,코팩처럼 밀착되면 더 좋겠어요,10매,첫구매
R355,제주 녹차 마스크팩,5,2025-10-29,피부 컨디션 관리의 비밀 무기예요,10매,재구매
R356,제주 녹차 마스크팩,4,2025-10-28,사계절 내내 쓸 수 있어서 좋아요,10매,재구매
R357,제주 녹차 마스크팩,5,2025-10-27,진짜 녹차 성분이 피부에 좋은 게 느껴져요,10매,재구매
R358,제주 녹차 마스크팩,5,2025-10-26,쓸 때마다 스파 받는 기분이에요,10매,재구매
R359,제주 녹차 마스크팩,2,2025-10-25,시트가 좀 얇아졌으면 좋겠어요. 두꺼워서 답답해요,10매,첫구매
R360,제주 녹차 마스크팩,5,2025-10-24,피부 진정에는 녹차가 진리예요,10매,재구매
R361,선크림 SPF50+,5,2025-11-19,이번 겨울에도 매일 바르고 있어요,50ml,재구매
R362,선크림 SPF50+,4,2025-11-18,톤업 효과가 자연스러워서 좋아요,50ml,재구매
R363,선크림 SPF50+,5,2025-11-17,선크림 바른 티가 안 나서 남자분들도 좋아해요,50ml,재구매
R364,선크림 SPF50+,3,2025-11-16,좀 더 고보습이면 좋겠어요,50ml,첫구매
R365,선크림 SPF50+,5,2025-11-15,자외선 차단 제대로 되는 선크림,50ml,재구매
R366,선크림 SPF50+,4,2025-11-14,산뜻하게 마무리돼서 좋아요,50ml,재구매
R367,선크림 SPF50+,5,2025-11-13,밀림 현상 없이 오래 유지돼요,50ml,재구매
R368,선크림 SPF50+,5,2025-11-12,순해서 민감성 피부에도 걱정 없어요,50ml,재구매
R369,선크림 SPF50+,2,2025-11-11,워터프루프가 아니라 수영할 때는 아쉬워요,50ml,첫구매
R370,선크림 SPF50+,5,2025-11-10,데일리 선크림으로 완벽해요,50ml,재구매
R371,선크림 SPF50+,4,2025-11-09,발림성이 매끄러워요,50ml,재구매
R372,선크림 SPF50+,5,2025-11-08,피부 보호 확실히 되는 느낌,50ml,재구매
R373,선크림 SPF50+,5,2025-11-07,이 선크림이 있어서 기미 걱정 없어요,50ml,재구매
R374,선크림 SPF50+,3,2025-11-06,클렌징 할 때 좀 힘들어요,50ml,재구매
R375,선크림 SPF50+,5,2025-11-05,올해 써본 선크림 중 Best of Best,50ml,재구매
R376,선크림 SPF50+,4,2025-11-04,자외선 차단력 + 보습력 둘 다 좋아요,50ml,재구매
R377,선크림 SPF50+,5,2025-11-03,비건 인증이라 환경도 지키면서 피부도 지켜요,50ml,재구매
R378,선크림 SPF50+,5,2025-11-02,마지막 한 방울까지 아껴서 써요,50ml,재구매
R379,선크림 SPF50+,2,2025-11-01,처음 사용 시 살짝 자극감이 있었어요,50ml,첫구매
R380,선크림 SPF50+,5,2025-10-31,올겨울도 이 선크림과 함께 해요,50ml,재구매
R381,퓨어 비타민C 세럼,5,2025-10-11,피부 전체적으로 맑아졌어요. 기적 같아요,30ml,재구매
R382,퓨어 비타민C 세럼,4,2025-10-10,발림성이 부드럽고 빠르게 흡수돼요,30ml,재구매
R383,퓨어 비타민C 세럼,5,2025-10-09,친구가 피부 좋아졌다고 뭐 바르냐고 물어봐요,30ml,재구매
R384,퓨어 비타민C 세럼,3,2025-10-08,박스 포장이 좀 더 튼튼하면 좋겠어요,30ml,첫구매
R385,퓨어 비타민C 세럼,5,2025-10-07,미백 세럼의 끝판왕이에요,30ml,재구매
R386,퓨어 비타민C 세럼,5,2025-10-06,기미와 잡티에 확실한 효과,30ml,재구매
R387,퓨어 비타민C 세럼,4,2025-10-05,자극 없이 효과 있는 세럼,30ml,재구매
R388,퓨어 비타민C 세럼,5,2025-10-04,피부 톤이 균일해졌어요,30ml,재구매
R389,퓨어 비타민C 세럼,2,2025-10-03,첫 사용시 피부가 붉어졌어요. 적응되긴 했지만,30ml,첫구매
R390,퓨어 비타민C 세럼,5,2025-10-02,매일 쓰는 필수 아이템이에요,30ml,재구매
R391,울트라 수분 크림,5,2025-10-23,가을부터 써야 겨울에 안 건조해요,50ml,재구매
R392,울트라 수분 크림,4,2025-10-22,목에도 발라요. 어디에나 좋아요,50ml,재구매
R393,울트라 수분 크림,5,2025-10-21,크림 하나로 스킨케어 완성,50ml,재구매
R394,울트라 수분 크림,3,2025-10-20,여행용 소용량도 있으면 좋겠어요,50ml,재구매
R395,울트라 수분 크림,5,2025-10-19,극건성 피부인데 이거 바르면 촉촉해요,50ml,재구매
R396,울트라 수분 크림,4,2025-10-18,보습크림 중에 제일 부드러워요,50ml,재구매
R397,울트라 수분 크림,5,2025-10-17,피부에 수분 가득 찬 느낌이에요,50ml,재구매
R398,울트라 수분 크림,5,2025-10-16,건조해서 각질 올라오던 피부가 매끈해졌어요,50ml,재구매
R399,울트라 수분 크림,2,2025-10-15,주문 후 배송이 좀 늦었어요,50ml,첫구매
R400,울트라 수분 크림,5,2025-10-14,이 크림의 보습력은 레전드예요,50ml,재구매
R401,제주 녹차 마스크팩,5,2025-10-23,가을 환절기 피부에 딱이에요,10매,재구매
R402,제주 녹차 마스크팩,4,2025-10-22,인테리어용으로도 포장이 예뻐요,10매,첫구매
R403,제주 녹차 마스크팩,5,2025-10-21,피부가 하루만에 달라져요,10매,재구매
R404,제주 녹차 마스크팩,3,2025-10-20,20매 묶음도 출시해주세요,10매,재구매
R405,제주 녹차 마스크팩,5,2025-10-19,진정 효과 확실해요. 피부가 편안해져요,10매,재구매
R406,제주 녹차 마스크팩,4,2025-10-18,다른 마스크팩과 비교 불가예요,10매,재구매
R407,제주 녹차 마스크팩,5,2025-10-17,녹차 성분의 항산화 효과가 좋아요,10매,재구매
R408,제주 녹차 마스크팩,5,2025-10-16,꾸준히 사용하니 피부가 달라졌어요,10매,재구매
R409,제주 녹차 마스크팩,2,2025-10-15,낱개 포장 접착이 좀 약해요,10매,첫구매
R410,제주 녹차 마스크팩,5,2025-10-14,이제 마스크팩은 이것만 써요,10매,재구매
R411,선크림 SPF50+,5,2025-10-30,늦은 가을에도 자외선 차단은 필수! 이거로,50ml,재구매
R412,선크림 SPF50+,4,2025-10-29,오래 발라도 피부에 부담이 없어요,50ml,재구매
R413,선크림 SPF50+,5,2025-10-28,이 선크림 바르면 피부가 좋아 보여요,50ml,재구매
R414,선크림 SPF50+,3,2025-10-27,자외선 차단 지수 표시가 좀 더 크면 좋겠어요,50ml,첫구매
R415,선크림 SPF50+,5,2025-10-26,가을에도 필수인 선크림이에요,50ml,재구매
R416,선크림 SPF50+,4,2025-10-25,보습 선크림의 정석,50ml,재구매
R417,선크림 SPF50+,5,2025-10-24,화장 전 필수 단계로 자리잡았어요,50ml,재구매
R418,선크림 SPF50+,5,2025-10-23,발림성도 좋고 자외선 차단도 확실해요,50ml,재구매
R419,선크림 SPF50+,2,2025-10-22,패키지가 좀 허술해요. 여행 중 눌려서 샜어요,50ml,첫구매
R420,선크림 SPF50+,5,2025-10-21,사계절 내내 쓸 수 있는 선크림,50ml,재구매
R421,퓨어 비타민C 세럼,5,2025-10-01,만족도 100%! 재구매 확정,30ml,재구매
R422,퓨어 비타민C 세럼,4,2025-09-30,가을에 쓰기 딱 좋은 세럼,30ml,재구매
R423,퓨어 비타민C 세럼,5,2025-09-29,안티에이징과 미백을 동시에,30ml,재구매
R424,퓨어 비타민C 세럼,3,2025-09-28,유리 용기라 떨어뜨릴까 봐 조심스러워요,30ml,첫구매
R425,퓨어 비타민C 세럼,5,2025-09-27,피부 투명도가 확 올라갔어요,30ml,재구매
R426,퓨어 비타민C 세럼,5,2025-09-26,세럼 하나로 이렇게 달라질 수 있다니,30ml,재구매
R427,퓨어 비타민C 세럼,4,2025-09-25,순도 높은 비타민C라 효과가 빨라요,30ml,재구매
R428,퓨어 비타민C 세럼,5,2025-09-24,모든 피부 고민을 해결해주는 세럼,30ml,재구매
R429,퓨어 비타민C 세럼,2,2025-09-23,여름에 사용했더니 좀 끈적였어요,30ml,재구매
R430,퓨어 비타민C 세럼,5,2025-09-22,피부과 시술 없이도 좋은 피부 가능해요,30ml,재구매
R431,울트라 수분 크림,5,2025-10-13,환절기 건조함을 완벽히 잡아줘요,50ml,재구매
R432,울트라 수분 크림,4,2025-10-12,피부가 당기지 않아서 좋아요,50ml,재구매
R433,울트라 수분 크림,5,2025-10-11,이거 없으면 피부 관리가 안 돼요,50ml,재구매
R434,울트라 수분 크림,3,2025-10-10,좀 더 산뜻한 버전도 있으면 좋겠어요,50ml,재구매
R435,울트라 수분 크림,5,2025-10-09,수분크림의 끝판왕을 만났어요,50ml,재구매
R436,울트라 수분 크림,4,2025-10-08,피부 장벽 강화에 도움이 되는 크림,50ml,재구매
R437,울트라 수분 크림,5,2025-10-07,촉촉하고 탱탱한 피부를 원한다면 이거예요,50ml,재구매
R438,울트라 수분 크림,5,2025-10-06,진정과 보습을 동시에 해주는 크림,50ml,재구매
R439,울트라 수분 크림,2,2025-10-05,용기 바닥에 남은 거 쓰기 어려워요,50ml,재구매
R440,울트라 수분 크림,5,2025-10-04,매일 밤 바르는 필수템,50ml,재구매
R441,제주 녹차 마스크팩,5,2025-10-13,주 2-3회 필수 사용 중,10매,재구매
R442,제주 녹차 마스크팩,4,2025-10-12,시원한 느낌이 좋아요,10매,재구매
R443,제주 녹차 마스크팩,5,2025-10-11,마스크팩 덕에 피부 컨디션 유지 중,10매,재구매
R444,제주 녹차 마스크팩,3,2025-10-10,좀 더 다양한 성분의 마스크팩도 만들어주세요,10매,재구매
R445,제주 녹차 마스크팩,5,2025-10-09,녹차의 항산화 효과를 피부로 느껴요,10매,재구매
R446,제주 녹차 마스크팩,4,2025-10-08,가성비 좋은 마스크팩이에요,10매,재구매
R447,제주 녹차 마스크팩,5,2025-10-07,매일 밤 쓰는 루틴이 됐어요,10매,재구매
R448,제주 녹차 마스크팩,5,2025-10-06,피부가 맑고 투명해져요,10매,재구매
R449,제주 녹차 마스크팩,2,2025-10-05,시트 접힘 상태로 배송됨. 포장 개선 필요,10매,첫구매
R450,제주 녹차 마스크팩,5,2025-10-04,이 마스크팩은 진짜 추천해요,10매,재구매
R451,선크림 SPF50+,5,2025-10-20,선크림 찾는 분들한테 강추합니다,50ml,재구매
R452,선크림 SPF50+,4,2025-10-19,자외선으로부터 피부를 확실히 보호해줘요,50ml,재구매
R453,선크림 SPF50+,5,2025-10-18,메이크업 베이스로도 훌륭해요,50ml,재구매
R454,선크림 SPF50+,3,2025-10-17,자외선 차단 지속 시간이 좀 짧은 것 같아요,50ml,재구매
R455,선크림 SPF50+,5,2025-10-16,무기자차인데 백탁 없는 게 신기해요,50ml,재구매
R456,선크림 SPF50+,4,2025-10-15,순하고 효과 좋은 선크림,50ml,재구매
R457,선크림 SPF50+,5,2025-10-14,이 선크림 하나면 피부 보호 완료,50ml,재구매
R458,선크림 SPF50+,5,2025-10-13,자연스러운 톤업이 마음에 들어요,50ml,재구매
R459,선크림 SPF50+,2,2025-10-12,약간의 끈적임이 있어요,50ml,첫구매
R460,선크림 SPF50+,5,2025-10-11,사계절 필수 선크림이에요,50ml,재구매
R461,퓨어 비타민C 세럼,5,2025-09-21,써보면 알아요. 진짜 좋은 세럼,30ml,재구매
R462,퓨어 비타민C 세럼,4,2025-09-20,피부가 하루하루 좋아지는 게 보여요,30ml,재구매
R463,퓨어 비타민C 세럼,5,2025-09-19,미백 효과가 확실해요. 한 달이면 차이 나요,30ml,재구매
R464,퓨어 비타민C 세럼,3,2025-09-18,스포이드가 좀 불편해요. 펌프형이면 좋겠어요,30ml,재구매
R465,퓨어 비타민C 세럼,5,2025-09-17,피부 탄력까지 좋아지는 만능 세럼,30ml,재구매
R466,퓨어 비타민C 세럼,5,2025-09-16,비타민C 농도가 딱 적당해요. 자극 없이 효과적,30ml,재구매
R467,퓨어 비타민C 세럼,4,2025-09-15,아침 루틴에 필수 아이템,30ml,재구매
R468,퓨어 비타민C 세럼,5,2025-09-14,피부 고민이 있다면 이거부터 시작하세요,30ml,재구매
R469,퓨어 비타민C 세럼,2,2025-09-13,본품 가격이 좀 부담돼요,30ml,첫구매
R470,퓨어 비타민C 세럼,5,2025-09-12,쓰면 쓸수록 좋아지는 피부,30ml,재구매
R471,울트라 수분 크림,5,2025-10-03,보습의 끝판왕 크림이에요,50ml,재구매
R472,울트라 수분 크림,4,2025-10-02,사용감이 정말 좋아요,50ml,재구매
R473,울트라 수분 크림,5,2025-10-01,수분크림 바꿀 생각이 없어요,50ml,재구매
R474,울트라 수분 크림,3,2025-09-30,시즌별로 농도 조절이 가능하면 좋겠어요,50ml,재구매
R475,울트라 수분 크림,5,2025-09-29,피부가 매일 촉촉하고 건강해요,50ml,재구매
R476,울트라 수분 크림,4,2025-09-28,밤에 바르면 아침 피부가 달라요,50ml,재구매
R477,울트라 수분 크림,5,2025-09-27,크림 하나로 피부 관리 끝,50ml,재구매
R478,울트라 수분 크림,5,2025-09-26,건조함 없는 촉촉한 하루를 선사해요,50ml,재구매
R479,울트라 수분 크림,2,2025-09-25,여름에 써봤는데 좀 무거웠어요,50ml,첫구매
R480,울트라 수분 크림,5,2025-09-24,이 크림 덕에 피부 트러블이 줄었어요,50ml,재구매
R481,제주 녹차 마스크팩,5,2025-10-03,피부 관리의 기본이에요,10매,재구매
R482,제주 녹차 마스크팩,4,2025-10-02,에센스 양이 풍부해요,10매,재구매
R483,제주 녹차 마스크팩,5,2025-10-01,녹차 마스크팩 중에서 최고,10매,재구매
R484,제주 녹차 마스크팩,3,2025-09-30,시트가 좀 더 크면 좋겠어요,10매,첫구매
R485,제주 녹차 마스크팩,5,2025-09-29,진정과 수분 동시에 잡아요,10매,재구매
R486,제주 녹차 마스크팩,4,2025-09-28,제주도 여행 후 피부 진정에 썼어요,10매,재구매
R487,제주 녹차 마스크팩,5,2025-09-27,마스크팩은 이걸로 통일했어요,10매,재구매
R488,제주 녹차 마스크팩,5,2025-09-26,녹차의 효능을 피부로 느끼는 마스크팩,10매,재구매
R489,제주 녹차 마스크팩,2,2025-09-25,향이 너무 강해요. 약간 줄여주세요,10매,첫구매
R490,제주 녹차 마스크팩,5,2025-09-24,매일 쓰는 필수 마스크팩,10매,재구매
R491,선크림 SPF50+,5,2025-10-10,사계절 내내 애용하는 선크림,50ml,재구매
R492,선크림 SPF50+,4,2025-10-09,피부에 부담 없는 선크림이에요,50ml,재구매
R493,선크림 SPF50+,5,2025-10-08,자외선 걱정 없이 외출해요,50ml,재구매
R494,선크림 SPF50+,3,2025-10-07,가격이 좀 올랐으면 하는 바람이에요... 안 오르면 좋겠어요,50ml,재구매
R495,선크림 SPF50+,5,2025-10-06,이 선크림만의 보습감이 특별해요,50ml,재구매
R496,선크림 SPF50+,4,2025-10-05,톤업 효과와 자외선 차단 동시에,50ml,재구매
R497,선크림 SPF50+,5,2025-10-04,피부 보호의 기본이자 완성,50ml,재구매
R498,선크림 SPF50+,5,2025-10-03,매일 바르는 데일리 선크림의 정석,50ml,재구매
R499,선크림 SPF50+,2,2025-10-02,뚜껑이 좀 헐거워요. 가방에서 샐 뻔했어요,50ml,첫구매
R500,선크림 SPF50+,5,2025-10-01,올해의 선크림은 이걸로 확정이에요,50ml,재구매
